--
-- PostgreSQL database dump
--

\restrict UO9N042z7AY4QOyRA5Rd25eZwjnTMgn6DDVInCFBBe7wQ6PVeZm58uigmCxre1g

-- Dumped from database version 17.6 (Debian 17.6-1.pgdg13+1)
-- Dumped by pg_dump version 17.6 (Debian 17.6-1.pgdg13+1)

SET statement_timeout = 0;
SET lock_timeout = 0;
SET idle_in_transaction_session_timeout = 0;
SET transaction_timeout = 0;
SET client_encoding = 'UTF8';
SET standard_conforming_strings = on;
SELECT pg_catalog.set_config('search_path', '', false);
SET check_function_bodies = false;
SET xmloption = content;
SET client_min_messages = warning;
SET row_security = off;

SET default_tablespace = '';

SET default_table_access_method = heap;

--
-- Name: addresses; Type: TABLE; Schema: public; Owner: postgres
--

CREATE TABLE public.addresses (
    address_id bigint NOT NULL,
    user_id bigint,
    building_name character varying(255) NOT NULL,
    city character varying(255) NOT NULL,
    country character varying(255) NOT NULL,
    state character varying(255) NOT NULL,
    street character varying(255) NOT NULL,
    zipcode character varying(255) NOT NULL
);


ALTER TABLE public.addresses OWNER TO postgres;

--
-- Name: addresses_address_id_seq; Type: SEQUENCE; Schema: public; Owner: postgres
--

ALTER TABLE public.addresses ALTER COLUMN address_id ADD GENERATED BY DEFAULT AS IDENTITY (
    SEQUENCE NAME public.addresses_address_id_seq
    START WITH 1
    INCREMENT BY 1
    NO MINVALUE
    NO MAXVALUE
    CACHE 1
);


--
-- Name: cart_items; Type: TABLE; Schema: public; Owner: postgres
--

CREATE TABLE public.cart_items (
    discount double precision,
    product_price double precision,
    quantity integer,
    cart_id bigint,
    cart_item_id bigint NOT NULL,
    product_product_id bigint
);


ALTER TABLE public.cart_items OWNER TO postgres;

--
-- Name: cart_items_cart_item_id_seq; Type: SEQUENCE; Schema: public; Owner: postgres
--

ALTER TABLE public.cart_items ALTER COLUMN cart_item_id ADD GENERATED BY DEFAULT AS IDENTITY (
    SEQUENCE NAME public.cart_items_cart_item_id_seq
    START WITH 1
    INCREMENT BY 1
    NO MINVALUE
    NO MAXVALUE
    CACHE 1
);


--
-- Name: carts; Type: TABLE; Schema: public; Owner: postgres
--

CREATE TABLE public.carts (
    total_price double precision,
    cart_id bigint NOT NULL,
    user_id bigint
);


ALTER TABLE public.carts OWNER TO postgres;

--
-- Name: carts_cart_id_seq; Type: SEQUENCE; Schema: public; Owner: postgres
--

ALTER TABLE public.carts ALTER COLUMN cart_id ADD GENERATED BY DEFAULT AS IDENTITY (
    SEQUENCE NAME public.carts_cart_id_seq
    START WITH 1
    INCREMENT BY 1
    NO MINVALUE
    NO MAXVALUE
    CACHE 1
);


--
-- Name: categories; Type: TABLE; Schema: public; Owner: postgres
--

CREATE TABLE public.categories (
    category_id bigint NOT NULL,
    category_name character varying(255) NOT NULL
);


ALTER TABLE public.categories OWNER TO postgres;

--
-- Name: categories_category_id_seq; Type: SEQUENCE; Schema: public; Owner: postgres
--

ALTER TABLE public.categories ALTER COLUMN category_id ADD GENERATED BY DEFAULT AS IDENTITY (
    SEQUENCE NAME public.categories_category_id_seq
    START WITH 1
    INCREMENT BY 1
    NO MINVALUE
    NO MAXVALUE
    CACHE 1
);


--
-- Name: order_items; Type: TABLE; Schema: public; Owner: postgres
--

CREATE TABLE public.order_items (
    discount double precision NOT NULL,
    order_product_price double precision NOT NULL,
    quantity integer,
    id bigint NOT NULL,
    order_id bigint,
    product_id bigint
);


ALTER TABLE public.order_items OWNER TO postgres;

--
-- Name: order_items_id_seq; Type: SEQUENCE; Schema: public; Owner: postgres
--

ALTER TABLE public.order_items ALTER COLUMN id ADD GENERATED BY DEFAULT AS IDENTITY (
    SEQUENCE NAME public.order_items_id_seq
    START WITH 1
    INCREMENT BY 1
    NO MINVALUE
    NO MAXVALUE
    CACHE 1
);


--
-- Name: orders; Type: TABLE; Schema: public; Owner: postgres
--

CREATE TABLE public.orders (
    order_date date,
    total_amount double precision,
    address_id bigint,
    order_id bigint NOT NULL,
    payment_id bigint,
    email character varying(255) NOT NULL,
    order_status character varying(255)
);


ALTER TABLE public.orders OWNER TO postgres;

--
-- Name: orders_order_id_seq; Type: SEQUENCE; Schema: public; Owner: postgres
--

ALTER TABLE public.orders ALTER COLUMN order_id ADD GENERATED BY DEFAULT AS IDENTITY (
    SEQUENCE NAME public.orders_order_id_seq
    START WITH 1
    INCREMENT BY 1
    NO MINVALUE
    NO MAXVALUE
    CACHE 1
);


--
-- Name: payments; Type: TABLE; Schema: public; Owner: postgres
--

CREATE TABLE public.payments (
    payment_id bigint NOT NULL,
    payment_method character varying(255) NOT NULL,
    pg_name character varying(255),
    pg_payment_id character varying(255),
    pg_response_message character varying(255),
    pg_status character varying(255)
);


ALTER TABLE public.payments OWNER TO postgres;

--
-- Name: payments_payment_id_seq; Type: SEQUENCE; Schema: public; Owner: postgres
--

ALTER TABLE public.payments ALTER COLUMN payment_id ADD GENERATED BY DEFAULT AS IDENTITY (
    SEQUENCE NAME public.payments_payment_id_seq
    START WITH 1
    INCREMENT BY 1
    NO MINVALUE
    NO MAXVALUE
    CACHE 1
);


--
-- Name: products; Type: TABLE; Schema: public; Owner: postgres
--

CREATE TABLE public.products (
    discount double precision NOT NULL,
    price double precision NOT NULL,
    quantity integer,
    special_price double precision NOT NULL,
    category_id bigint,
    product_id bigint NOT NULL,
    seller_id bigint,
    description character varying(255) NOT NULL,
    image character varying(255),
    product_name character varying(255) NOT NULL
);


ALTER TABLE public.products OWNER TO postgres;

--
-- Name: products_seq; Type: SEQUENCE; Schema: public; Owner: postgres
--

CREATE SEQUENCE public.products_seq
    START WITH 1
    INCREMENT BY 50
    NO MINVALUE
    NO MAXVALUE
    CACHE 1;


ALTER SEQUENCE public.products_seq OWNER TO postgres;

--
-- Name: roles; Type: TABLE; Schema: public; Owner: postgres
--

CREATE TABLE public.roles (
    role_id integer NOT NULL,
    role_name character varying(20),
    CONSTRAINT roles_role_name_check CHECK (((role_name)::text = ANY ((ARRAY['ROLE_USER'::character varying, 'ROLE_SELLER'::character varying, 'ROLE_ADMIN'::character varying])::text[])))
);


ALTER TABLE public.roles OWNER TO postgres;

--
-- Name: roles_role_id_seq; Type: SEQUENCE; Schema: public; Owner: postgres
--

ALTER TABLE public.roles ALTER COLUMN role_id ADD GENERATED BY DEFAULT AS IDENTITY (
    SEQUENCE NAME public.roles_role_id_seq
    START WITH 1
    INCREMENT BY 1
    NO MINVALUE
    NO MAXVALUE
    CACHE 1
);


--
-- Name: user_role; Type: TABLE; Schema: public; Owner: postgres
--

CREATE TABLE public.user_role (
    role_id integer NOT NULL,
    user_id bigint NOT NULL
);


ALTER TABLE public.user_role OWNER TO postgres;

--
-- Name: users; Type: TABLE; Schema: public; Owner: postgres
--

CREATE TABLE public.users (
    user_id bigint NOT NULL,
    username character varying(20) NOT NULL,
    email character varying(50) NOT NULL,
    password character varying(120) NOT NULL
);


ALTER TABLE public.users OWNER TO postgres;

--
-- Name: users_user_id_seq; Type: SEQUENCE; Schema: public; Owner: postgres
--

ALTER TABLE public.users ALTER COLUMN user_id ADD GENERATED BY DEFAULT AS IDENTITY (
    SEQUENCE NAME public.users_user_id_seq
    START WITH 1
    INCREMENT BY 1
    NO MINVALUE
    NO MAXVALUE
    CACHE 1
);


--
-- Data for Name: addresses; Type: TABLE DATA; Schema: public; Owner: postgres
--

COPY public.addresses (address_id, user_id, building_name, city, country, state, street, zipcode) FROM stdin;
\.


--
-- Data for Name: cart_items; Type: TABLE DATA; Schema: public; Owner: postgres
--

COPY public.cart_items (discount, product_price, quantity, cart_id, cart_item_id, product_product_id) FROM stdin;
\.


--
-- Data for Name: carts; Type: TABLE DATA; Schema: public; Owner: postgres
--

COPY public.carts (total_price, cart_id, user_id) FROM stdin;
\.


--
-- Data for Name: categories; Type: TABLE DATA; Schema: public; Owner: postgres
--

COPY public.categories (category_id, category_name) FROM stdin;
1	Computers
2	Laptops
3	PC Components
4	Monitors
5	Accessories
6	Storage Devices
\.


--
-- Data for Name: order_items; Type: TABLE DATA; Schema: public; Owner: postgres
--

COPY public.order_items (discount, order_product_price, quantity, id, order_id, product_id) FROM stdin;
\.


--
-- Data for Name: orders; Type: TABLE DATA; Schema: public; Owner: postgres
--

COPY public.orders (order_date, total_amount, address_id, order_id, payment_id, email, order_status) FROM stdin;
\.


--
-- Data for Name: payments; Type: TABLE DATA; Schema: public; Owner: postgres
--

COPY public.payments (payment_id, payment_method, pg_name, pg_payment_id, pg_response_message, pg_status) FROM stdin;
\.


--
-- Data for Name: products; Type: TABLE DATA; Schema: public; Owner: postgres
--

COPY public.products (discount, price, quantity, special_price, category_id, product_id, seller_id, description, image, product_name) FROM stdin;
5	80	5	76	5	20	\N	Mechanical keyboard	keychron-k8.jpg	Keychron K8 Wireless – Used
8	1500	1	1380	1	2	\N	AMD Ryzen 7 5800, RTX 3080, 32GB RAM, 1TB SSD	alienware-pc.jpg	Dell Alienware Aurora R10 – Used
12	2000	1	1760	1	3	\N	Intel i9-12900K, RTX 3080 Ti, 32GB RAM, 2TB SSD	hp-omen.jpg	HP Omen 45L Desktop – Used
7	1200	3	1116	1	4	\N	Intel i7-11700F, RTX 3060 Ti, 16GB RAM, 1TB SSD	acer-desktop.png	Acer Predator Orion 3000 – Used
9	1400	2	1274	1	5	\N	Ryzen 7 5800X, RTX 3070 Ti, 32GB RAM, 1TB SSD	leveno-pc.jpg	Lenovo Legion T5 Desktop – Used
5	850	2	807.5	2	6	\N	13-inch laptop with Intel i7, 16GB RAM, 512GB SSD	dell-xps-13.jpg	Dell XPS 13 – Used
10	1400	1	1260	2	7	\N	Apple M1 Pro chip, 16GB RAM, 512GB SSD	macbook-pro-14.jpg	MacBook Pro 14-inch – Used
5	700	3	665	2	8	\N	14-inch business laptop with Intel i5, 8GB RAM, 256GB SSD	leveno-laptop.jpg	Lenovo ThinkPad X1 Carbon – Used
5	950	1	902.5	2	9	\N	2-in-1 laptop, Intel i7, 16GB RAM, 512GB SSD	hp-spectre.jpg	HP Spectre x360 – Used
6	800	4	752	2	10	\N	14-inch laptop with AMD Ryzen 7, 16GB RAM, 512GB SSD	asus-zenbook.png	ASUS ZenBook 14 – Used
8	250	5	230	3	11	\N	12th Gen 12-core CPU	intel-i7.jpg	Intel Core i7-12700K – Used
10	220	3	198	3	12	\N	8-core CPU, 16 threads	amd-ryzen-7.jpg	AMD Ryzen 7 5800X – Used
5	90	4	85.5	3	14	\N	2x16GB 3200MHz RAM kit	cosiar-ram.jpg	Corsair Vengeance DDR4 32GB – Used
7	80	6	74.4	3	15	\N	NVMe M.2 SSD	samsung-evo.jpg	Samsung 970 EVO Plus 1TB – Used
6	200	3	188	4	16	\N	27-inch QHD IPS monitor	dell-ultra-shrap-27.jpg	Dell UltraSharp 27” – Used
8	300	2	276	4	17	\N	34-inch ultrawide monitor 144Hz	lg-monitor-34.jpg	LG 34” Ultrawide – Used
5	180	4	171	4	18	\N	27-inch 165Hz gaming monitor	asus-tuf-27.jpg	ASUS TUF Gaming 27” – Used
5	70	6	66.5	5	19	\N	Wireless ergonomic mouse	logitech-mx.jpg	Logitech MX Master 3S – Used
8	120	3	110.4	5	21	\N	Wireless gaming headset	arctis-7.jpg	SteelSeries Arctis 7 – Used
0	20	10	20	5	22	\N	Large gaming mouse pad	razer-mouse-pad.jpg	Razer Mouse Pad – Used
5	50	5	47.5	6	23	\N	USB 3.0 portable hard drive	wd-hdd.jpg	Western Digital 2TB External HDD – Used
7	100	3	93	6	24	\N	USB-C external SSD	samsung-t7.jpg	Samsung T7 Portable SSD 1TB – Used
6	60	4	56.4	6	25	\N	3.5-inch desktop hard drive	seagate-hdd.jpg	Seagate Barracuda 4TB HDD – Used
10	1100	3	990	1	1	\N	Ryzen 5 5600X, RTX 3070 16GB RAM, 1TB SSD	custom-pc.jpg	Custom Gaming PC – Used
12	999.99	0	999.99	3	13	\N	12GB GDDR6X GPU	rtx-4080.jpg	NVIDIA RTX 3080
\.


--
-- Data for Name: roles; Type: TABLE DATA; Schema: public; Owner: postgres
--

COPY public.roles (role_id, role_name) FROM stdin;
1	ROLE_USER
2	ROLE_SELLER
3	ROLE_ADMIN
\.


--
-- Data for Name: user_role; Type: TABLE DATA; Schema: public; Owner: postgres
--

COPY public.user_role (role_id, user_id) FROM stdin;
1	1
2	2
3	4
\.


--
-- Data for Name: users; Type: TABLE DATA; Schema: public; Owner: postgres
--

COPY public.users (user_id, username, email, password) FROM stdin;
1	user1	user1@gmail.com	$2a$10$7Po3QXNfwDsTrnQAiMuRb.lkvl6uhbTzRaUxGq8z9H4UQP3M17nLK
2	seller1	seller1@example.com	$2a$10$jH2r.vixN6ojFUYpPKJHv.ppTGNO3I93JalE8vEBqL67Ry0SHuKQy
3	admin1	admin@example.com	$2a$10$hcgVPm3PNFwUjyn5pFyGlOBJKyLkLlvQozD57AizUMg9wdpWgIIBa
4	user4	test2@gmail.com	$2a$10$4BNcUWKN/GjrpJYZ909HW.e6QxLjBQlyOjtAjF.vNT4MSZBZ1KI8G
\.


--
-- Name: addresses_address_id_seq; Type: SEQUENCE SET; Schema: public; Owner: postgres
--

SELECT pg_catalog.setval('public.addresses_address_id_seq', 1, false);


--
-- Name: cart_items_cart_item_id_seq; Type: SEQUENCE SET; Schema: public; Owner: postgres
--

SELECT pg_catalog.setval('public.cart_items_cart_item_id_seq', 1, false);


--
-- Name: carts_cart_id_seq; Type: SEQUENCE SET; Schema: public; Owner: postgres
--

SELECT pg_catalog.setval('public.carts_cart_id_seq', 1, false);


--
-- Name: categories_category_id_seq; Type: SEQUENCE SET; Schema: public; Owner: postgres
--

SELECT pg_catalog.setval('public.categories_category_id_seq', 6, true);


--
-- Name: order_items_id_seq; Type: SEQUENCE SET; Schema: public; Owner: postgres
--

SELECT pg_catalog.setval('public.order_items_id_seq', 1, false);


--
-- Name: orders_order_id_seq; Type: SEQUENCE SET; Schema: public; Owner: postgres
--

SELECT pg_catalog.setval('public.orders_order_id_seq', 1, false);


--
-- Name: payments_payment_id_seq; Type: SEQUENCE SET; Schema: public; Owner: postgres
--

SELECT pg_catalog.setval('public.payments_payment_id_seq', 1, false);


--
-- Name: products_seq; Type: SEQUENCE SET; Schema: public; Owner: postgres
--

SELECT pg_catalog.setval('public.products_seq', 1, false);


--
-- Name: roles_role_id_seq; Type: SEQUENCE SET; Schema: public; Owner: postgres
--

SELECT pg_catalog.setval('public.roles_role_id_seq', 3, true);


--
-- Name: users_user_id_seq; Type: SEQUENCE SET; Schema: public; Owner: postgres
--

SELECT pg_catalog.setval('public.users_user_id_seq', 4, true);


--
-- Name: addresses addresses_pkey; Type: CONSTRAINT; Schema: public; Owner: postgres
--

ALTER TABLE ONLY public.addresses
    ADD CONSTRAINT addresses_pkey PRIMARY KEY (address_id);


--
-- Name: cart_items cart_items_pkey; Type: CONSTRAINT; Schema: public; Owner: postgres
--

ALTER TABLE ONLY public.cart_items
    ADD CONSTRAINT cart_items_pkey PRIMARY KEY (cart_item_id);


--
-- Name: carts carts_pkey; Type: CONSTRAINT; Schema: public; Owner: postgres
--

ALTER TABLE ONLY public.carts
    ADD CONSTRAINT carts_pkey PRIMARY KEY (cart_id);


--
-- Name: carts carts_user_id_key; Type: CONSTRAINT; Schema: public; Owner: postgres
--

ALTER TABLE ONLY public.carts
    ADD CONSTRAINT carts_user_id_key UNIQUE (user_id);


--
-- Name: categories categories_pkey; Type: CONSTRAINT; Schema: public; Owner: postgres
--

ALTER TABLE ONLY public.categories
    ADD CONSTRAINT categories_pkey PRIMARY KEY (category_id);


--
-- Name: order_items order_items_pkey; Type: CONSTRAINT; Schema: public; Owner: postgres
--

ALTER TABLE ONLY public.order_items
    ADD CONSTRAINT order_items_pkey PRIMARY KEY (id);


--
-- Name: orders orders_payment_id_key; Type: CONSTRAINT; Schema: public; Owner: postgres
--

ALTER TABLE ONLY public.orders
    ADD CONSTRAINT orders_payment_id_key UNIQUE (payment_id);


--
-- Name: orders orders_pkey; Type: CONSTRAINT; Schema: public; Owner: postgres
--

ALTER TABLE ONLY public.orders
    ADD CONSTRAINT orders_pkey PRIMARY KEY (order_id);


--
-- Name: payments payments_pkey; Type: CONSTRAINT; Schema: public; Owner: postgres
--

ALTER TABLE ONLY public.payments
    ADD CONSTRAINT payments_pkey PRIMARY KEY (payment_id);


--
-- Name: products products_pkey; Type: CONSTRAINT; Schema: public; Owner: postgres
--

ALTER TABLE ONLY public.products
    ADD CONSTRAINT products_pkey PRIMARY KEY (product_id);


--
-- Name: roles roles_pkey; Type: CONSTRAINT; Schema: public; Owner: postgres
--

ALTER TABLE ONLY public.roles
    ADD CONSTRAINT roles_pkey PRIMARY KEY (role_id);


--
-- Name: users uk6dotkott2kjsp8vw4d0m25fb7; Type: CONSTRAINT; Schema: public; Owner: postgres
--

ALTER TABLE ONLY public.users
    ADD CONSTRAINT uk6dotkott2kjsp8vw4d0m25fb7 UNIQUE (email);


--
-- Name: users ukr43af9ap4edm43mmtq01oddj6; Type: CONSTRAINT; Schema: public; Owner: postgres
--

ALTER TABLE ONLY public.users
    ADD CONSTRAINT ukr43af9ap4edm43mmtq01oddj6 UNIQUE (username);


--
-- Name: user_role user_role_pkey; Type: CONSTRAINT; Schema: public; Owner: postgres
--

ALTER TABLE ONLY public.user_role
    ADD CONSTRAINT user_role_pkey PRIMARY KEY (role_id, user_id);


--
-- Name: users users_email_key; Type: CONSTRAINT; Schema: public; Owner: postgres
--

ALTER TABLE ONLY public.users
    ADD CONSTRAINT users_email_key UNIQUE (email);


--
-- Name: users users_pkey; Type: CONSTRAINT; Schema: public; Owner: postgres
--

ALTER TABLE ONLY public.users
    ADD CONSTRAINT users_pkey PRIMARY KEY (user_id);


--
-- Name: users users_username_key; Type: CONSTRAINT; Schema: public; Owner: postgres
--

ALTER TABLE ONLY public.users
    ADD CONSTRAINT users_username_key UNIQUE (username);


--
-- Name: cart_items fk116aqselpapcaodu1fqjqvex9; Type: FK CONSTRAINT; Schema: public; Owner: postgres
--

ALTER TABLE ONLY public.cart_items
    ADD CONSTRAINT fk116aqselpapcaodu1fqjqvex9 FOREIGN KEY (product_product_id) REFERENCES public.products(product_id);


--
-- Name: addresses fk1fa36y2oqhao3wgg2rw1pi459; Type: FK CONSTRAINT; Schema: public; Owner: postgres
--

ALTER TABLE ONLY public.addresses
    ADD CONSTRAINT fk1fa36y2oqhao3wgg2rw1pi459 FOREIGN KEY (user_id) REFERENCES public.users(user_id);


--
-- Name: orders fk8aol9f99s97mtyhij0tvfj41f; Type: FK CONSTRAINT; Schema: public; Owner: postgres
--

ALTER TABLE ONLY public.orders
    ADD CONSTRAINT fk8aol9f99s97mtyhij0tvfj41f FOREIGN KEY (payment_id) REFERENCES public.payments(payment_id);


--
-- Name: carts fkb5o626f86h46m4s7ms6ginnop; Type: FK CONSTRAINT; Schema: public; Owner: postgres
--

ALTER TABLE ONLY public.carts
    ADD CONSTRAINT fkb5o626f86h46m4s7ms6ginnop FOREIGN KEY (user_id) REFERENCES public.users(user_id);


--
-- Name: products fkbgw3lyxhsml3kfqnfr45o0vbj; Type: FK CONSTRAINT; Schema: public; Owner: postgres
--

ALTER TABLE ONLY public.products
    ADD CONSTRAINT fkbgw3lyxhsml3kfqnfr45o0vbj FOREIGN KEY (seller_id) REFERENCES public.users(user_id);


--
-- Name: order_items fkbioxgbv59vetrxe0ejfubep1w; Type: FK CONSTRAINT; Schema: public; Owner: postgres
--

ALTER TABLE ONLY public.order_items
    ADD CONSTRAINT fkbioxgbv59vetrxe0ejfubep1w FOREIGN KEY (order_id) REFERENCES public.orders(order_id);


--
-- Name: orders fkhlglkvf5i60dv6dn397ethgpt; Type: FK CONSTRAINT; Schema: public; Owner: postgres
--

ALTER TABLE ONLY public.orders
    ADD CONSTRAINT fkhlglkvf5i60dv6dn397ethgpt FOREIGN KEY (address_id) REFERENCES public.addresses(address_id);


--
-- Name: user_role fkj345gk1bovqvfame88rcx7yyx; Type: FK CONSTRAINT; Schema: public; Owner: postgres
--

ALTER TABLE ONLY public.user_role
    ADD CONSTRAINT fkj345gk1bovqvfame88rcx7yyx FOREIGN KEY (user_id) REFERENCES public.users(user_id);


--
-- Name: order_items fkocimc7dtr037rh4ls4l95nlfi; Type: FK CONSTRAINT; Schema: public; Owner: postgres
--

ALTER TABLE ONLY public.order_items
    ADD CONSTRAINT fkocimc7dtr037rh4ls4l95nlfi FOREIGN KEY (product_id) REFERENCES public.products(product_id);


--
-- Name: products fkog2rp4qthbtt2lfyhfo32lsw9; Type: FK CONSTRAINT; Schema: public; Owner: postgres
--

ALTER TABLE ONLY public.products
    ADD CONSTRAINT fkog2rp4qthbtt2lfyhfo32lsw9 FOREIGN KEY (category_id) REFERENCES public.categories(category_id);


--
-- Name: cart_items fkpcttvuq4mxppo8sxggjtn5i2c; Type: FK CONSTRAINT; Schema: public; Owner: postgres
--

ALTER TABLE ONLY public.cart_items
    ADD CONSTRAINT fkpcttvuq4mxppo8sxggjtn5i2c FOREIGN KEY (cart_id) REFERENCES public.carts(cart_id);


--
-- Name: user_role fkt7e7djp752sqn6w22i6ocqy6q; Type: FK CONSTRAINT; Schema: public; Owner: postgres
--

ALTER TABLE ONLY public.user_role
    ADD CONSTRAINT fkt7e7djp752sqn6w22i6ocqy6q FOREIGN KEY (role_id) REFERENCES public.roles(role_id);


--
-- PostgreSQL database dump complete
--

\unrestrict UO9N042z7AY4QOyRA5Rd25eZwjnTMgn6DDVInCFBBe7wQ6PVeZm58uigmCxre1g

